{
    "short_term": {
        "danceability": 0.55742,
        "energy": 0.5663600000000002,
        "key": 5.34,
        "loudness": -8.22038,
        "mode": 0.54,
        "speechiness": 0.092652,
        "acousticness": 0.38250519799999994,
        "instrumentalness": 0.20786161059999994,
        "liveness": 0.15786000000000003,
        "valence": 0.44410599999999995,
        "tempo": 108.66787999999997
    },
    "medium_term": {
        "danceability": 0.6214800000000001,
        "energy": 0.5849399999999999,
        "key": 6.26,
        "loudness": -9.074479999999998,
        "mode": 0.58,
        "speechiness": 0.06782200000000001,
        "acousticness": 0.34643120000000005,
        "instrumentalness": 0.2377063156,
        "liveness": 0.16819399999999998,
        "valence": 0.5471739999999999,
        "tempo": 116.65608000000002
    },
    "long_term": {
        "danceability": 0.58546,
        "energy": 0.6259800000000001,
        "key": 6.04,
        "loudness": -8.002099999999999,
        "mode": 0.54,
        "speechiness": 0.06863999999999998,
        "acousticness": 0.25952673060000003,
        "instrumentalness": 0.16760220199999998,
        "liveness": 0.21712,
        "valence": 0.3998579999999999,
        "tempo": 125.20472
    }
}